[
    {
        "id": 1,
        "img": "/Brands_Cars/brands/thumb_125-85_menu_items-76-kia5e94.jpg",
        "url": "kia",
        "title": "کیا",
        "parentID": 0
    },
    {
        "id": 2,
        "img": "/Brands_Cars/brands/thumb_125-85_menu_items-106-irankhodro5e94.jpg",
        "url": "iran-khodro",
        "title": "ایران خودرو",
        "parentID": 0
    },
    {
        "id": 3,
        "img": "/Brands_Cars/brands/thumb_125-85_menu_items-114-ssangyong5e94.jpg",
        "url": "ssangyong",
        "title": "سانگ یانگ",
        "parentID": 0
    },
    {
        "id": 4,
        "img": "/Brands_Cars/brands/thumb_125-85_menu_items-107-renault5e94.jpg",
        "url": "renault",
        "title": "رنو",
        "parentID": 0
    },
    {
        "id": 5,
        "img": "/Brands_Cars/brands/thumb_125-85_menu_items-103-lifan5e94.jpg",
        "url": "lifan",
        "title": "لیفان",
        "parentID": 0
    },
    {
        "id": 6,
        "img": "/Brands_Cars/brands/thumb_125-85_menu_items-102-hyundai5e94.jpg",
        "url": "hyundai",
        "title": "هیوندای",
        "parentID": 0
    },
    {
        "id": 7,
        "img": "/Brands_Cars/brands/thumb_125-85_menu_items-108-mvm5e94.jpg",
        "url": "mvm",
        "title": "ام وی ام",
        "parentID": 0
    },
    {
        "id": 8,
        "img": "/Brands_Cars/brands/thumb_125-85_menu_items-104-jak5e94.jpg",
        "url": "jac",
        "title": "جک",
        "parentID": 0
    },
    {
        "id": 9,
        "img": "/Brands_Cars/brands/thumb_125-85_menu_items-110-geely5e94.jpg",
        "url": "geely",
        "title": "جیلی",
        "parentID": 0
    },
    {
        "id": 10,
        "img": "/Brands_Cars/brands/thumb_125-85_menu_items-112-chery5e94.jpg",
        "url": "chery",
        "title": "چری",
        "parentID": 0
    },
    {
        "id": 11,
        "img": "/Brands_Cars/brands/thumb_125-85_menu_items-115-suzuki5e94.jpg",
        "url": "suzuki",
        "title": "سوزوکی",
        "parentID": 0
    },
    {
        "id": 12,
        "img": "/Brands_Cars/brands/thumb_125-85_menu_items-105-peugeot5e94.jpg",
        "url": "peugeot",
        "title": "پژو",
        "parentID": 0
    },
    {
        "id": 13,
        "img": "/Brands_Cars/brands/thumb_125-85_menu_items-128-brilliance5e94.jpg",
        "url": "brilliance",
        "title": "برلیانس",
        "parentID": 0
    },
    {
        "id": 14,
        "img": "/Brands_Cars/brands/thumb_125-85_menu_items-113-citroen5e94.jpg",
        "url": "citroen",
        "title": "سیتروئن",
        "parentID": 0
    },
    {
        "id": 15,
        "img": "/Brands_Cars/brands/thumb_125-85_menu_items-109-saipa5e94.jpg",
        "url": "saipa",
        "title": "سایپا",
        "parentID": 0
    },
    {
        "id": 16,
        "img": "/Brands_Cars/brands/thumb_125-85_menu_items-116-nissan5e94.jpg",
        "url": "nissan",
        "title": "نیسان",
        "parentID": 0
    },
    {
        "id": 17,
        "img": "/Brands_Cars/brands/thumb_125-85_menu_items-150-mgyadak5e94.jpg",
        "url": "mg",
        "title": "ام جی",
        "parentID": 0
    },
    {
        "id": 18,
        "img": "/Brands_Cars/brands/thumb_125-85_menu_items-130-changan5e94.jpg",
        "url": "changan",
        "title": "چانگان",
        "parentID": 0
    },
    {
        "id": 19,
        "img": "/Brands_Cars/brands/thumb_125-85_menu_items-118-mazda5e94.jpg",
        "url": "mazda",
        "title": "مزدا",
        "parentID": 0
    },
    {
        "id": 20,
        "img": "/Brands_Cars/brands/thumb_125-85_menu_items-111-faw5e94.jpg",
        "url": "besturn",
        "title": "بسترن",
        "parentID": 0
    },
    {
        "id": 21,
        "img": "/Brands_Cars/brands/thumb_125-85_menu_items-151-toyota5e94.jpg",
        "url": "toyota",
        "title": "تویوتا",
        "parentID": 0
    },
    {
        "id": 22,
        "img": "/Brands_Cars/brands/125_166772809971998805e94.png",
        "url": "baic",
        "title": "بایک",
        "parentID": 0
    },
    {
        "id": 23,
        "img": "/Brands_Cars/brands/125_166772771457963295e94.png",
        "url": "alfa-romeo",
        "title": "آلفارومئو",
        "parentID": 0
    },
    {
        "id": 24,
        "img": "/Brands_Cars/brands/125_166772815222640155e94.png",
        "url": "byd",
        "title": "بی وای دی",
        "parentID": 0
    },
    {
        "id": 25,
        "img": "/Brands_Cars/brands/thumb_125-85_menu_items-152-lexus-min5e94.jpg",
        "url": "lexus",
        "title": "لکسوس",
        "parentID": 0
    },
    {
        "id": 26,
        "img": "/Brands_Cars/brands/125_166772818151395255e94.png",
        "url": "daewoo",
        "title": "دوو",
        "parentID": 0
    },
    {
        "id": 27,
        "img": "/Brands_Cars/brands/thumb_125-85_menu_items-129-dongfeng5e94.jpg",
        "url": "dongfeng",
        "title": "دانگ فنگ",
        "parentID": 0
    },
    {
        "id": 28,
        "img": "/Brands_Cars/brands/thumb_125-85_menu_items-117-gratwall5e94.jpg",
        "url": "great-wall",
        "title": "گریت وال",
        "parentID": 0
    }
]