[
    {
        "id": 1,
        "title": "سراتو",
        "img": "/Brands_Cars/cars/cr-113.webp",
        "url": "",
        "parentID": 1
    },
    {
        "id": 2,
        "title": "سراتو کوپه",
        "img": "/Brands_Cars/cars/cr-111.jpg",
        "url": "",
        "parentID": 1
    },
    {
        "id": 3,
        "title": "سراتو ۲۰۱۷-۲۰۱۱",
        "img": "/Brands_Cars/cars/cr-119.jpg",
        "url": "",
        "parentID": 1
    },
    {
        "id": 4,
        "title": "اسپورتج",
        "img": "/Brands_Cars/cars/cr-112.webp",
        "url": "",
        "parentID": 2
    },
    {
        "id": 5,
        "title": "اسپورتج ۲۰۱۶",
        "img": "/Brands_Cars/cars/cr-112.webp",
        "url": "",
        "parentID": 2
    },
    {
        "id": 6,
        "title": "سورنتو",
        "img": "/Brands_Cars/cars/cr-119.jpg",
        "url": "",
        "parentID": 3
    },
    {
        "id": 7,
        "title": "سورنتو ۲۰۱۱-۲۰۱۵",
        "img": "/Brands_Cars/cars/cr-113.webp",
        "url": "",
        "parentID": 3
    },
    {
        "id": 8,
        "title": "سمند",
        "img": "/Brands_Cars/cars/cr-113.webp",
        "url": "",
        "parentID": 3
    },
    {
        "id": 9,
        "title": "تارا",
        "img": "/Brands_Cars/cars/cr-111.jpg",
        "url": "",
        "parentID": 3
    },
    {
        "id": 10,
        "title": "دنا",
        "img": "/Brands_Cars/cars/cr-117.jpg",
        "url": "",
        "parentID": 2
    },
    {
        "id": 11,
        "title": "وانت آریسان",
        "img": "/Brands_Cars/cars/cr-112.webp",
        "url": "",
        "parentID": 2
    },
    {
        "id": 12,
        "title": "چیرمن",
        "img": "/Brands_Cars/cars/cr-113.webp",
        "url": "",
        "parentID": 1
    },
    {
        "id": 13,
        "title": "کایرون",
        "img": "/Brands_Cars/cars/cr-117.jpg",
        "url": "",
        "parentID": 4
    },
    {
        "id": 14,
        "title": "رودیوس",
        "img": "/Brands_Cars/cars/cr-112.webp",
        "url": "",
        "parentID": 4
    },
    {
        "id": 15,
        "title": "تیوولی",
        "img": "/Brands_Cars/cars/cr-119.jpg",
        "url": "",
        "parentID": 4
    },
    {
        "id": 16,
        "title": "سانگ یانگ موسو",
        "img": "/Brands_Cars/cars/cr-115.webp",
        "url": "",
        "parentID": 5
    },
    {
        "id": 17,
        "title": "رودیوس",
        "img": "/Brands_Cars/cars/cr-119.jpg",
        "url": "",
        "parentID": 5
    },
    {
        "id": 18,
        "title": "اکتیون New",
        "img": "/Brands_Cars/cars/cr-117.jpg",
        "url": "",
        "parentID": 5
    },
    {
        "id": 19,
        "title": "پارس تندر",
        "img": "/Brands_Cars/cars/cr-111.jpg",
        "url": "",
        "parentID": 5
    },
    {
        "id": 20,
        "title": "مگان",
        "img": "/Brands_Cars/cars/cr-111.jpg",
        "url": "",
        "parentID": 5
    }
]