[
    {
        "id":1,
        "title":"منو اصلی",
        "url":"",
        "image":"/Images/icons/base-menu_i00.svg",
        "parentID":0
    },
    {
        "id":2,
        "title":"خدمات خودرویی",
        "url":"",
        "image":"/Images/icons/car-wash_i01.svg",
        "parentID":0
    },
    {
        "id":3,
        "title":"خدمات بیمه",
        "url":"",
        "image":"/Images/icons/money_i02.svg",
        "parentID":0
    },
    {
        "id":4,
        "title":"فروشگاه‌ها",
        "url":"/store",
        "image":"/Images/icons/store_i04.svg",
        "parentID":0
    },
    {
        "id":5,
        "title":"تعمیرگاه‌ها",
        "url":"",
        "image":"/Images/icons/repair_i03.svg",
        "parentID":0
    },
    {
        "id":6,
        "title":"اسنپ",
        "url":"",
        "image":"/Images/icons/snapp_i05.svg",
        "parentID":0
    },
    {
        "id":7,
        "title":"درباره ما",
        "url":"/about-us",
        "image":"/Images/icons/about_i06.svg",
        "parentID":0
    },
    {
        "id":8,
        "title":"برند خودرو",
        "url":"#Brands_Section",
        "image":"",
        "parentID":1
    },
    {
        "id":9,
        "title":"لوازم مصرفی",
        "url":"",
        "image":"",
        "parentID":1
    },
    {
        "id":10,
        "title":"اکسسوری خودرو",
        "url":"",
        "image":"",
        "parentID":1
    },
    {
        "id":11,
        "title":"لوازم جانبی خودرو",
        "url":"",
        "image":"",
        "parentID":1
    },
    {
        "id":12,
        "title":"نگهداری خودرو",
        "url":"",
        "image":"",
        "parentID":1
    },
    {
        "id":13,
        "title":"دسته لوازم 1",
        "url":"",
        "image":"",
        "parentID":9
    },
    {
        "id":14,
        "title":"دسته لوازم 2",
        "url":"",
        "image":"",
        "parentID":9
    },
    {
        "id":15,
        "title":"دسته لوازم 3",
        "url":"",
        "image":"",
        "parentID":9
    },
    {
        "id":16,
        "title":"دسته اکسسوری 2",
        "url":"",
        "image":"",
        "parentID":10
    },
    {
        "id":17,
        "title":"دسته اکسسوری 2",
        "url":"",
        "image":"",
        "parentID":10
    },
    {
        "id":18,
        "title":"دسته اکسسوری 2",
        "url":"",
        "image":"",
        "parentID":11
    }
]