[{"id":1,"title":"آذربایجان شرقی","FID":0},{"id":2,"title":"آذربایجان غربی","FID":0},{"id":3,"title":"اردبیل","FID":0},{"id":4,"title":"اصفهان","FID":0},{"id":5,"title":"البرز","FID":0},{"id":6,"title":"ایلام","FID":0},{"id":7,"title":"بوشهر","FID":0},{"id":8,"title":"تهران","FID":0},{"id":9,"title":"چهارمحال و بختیاری","FID":0},{"id":10,"title":"خراسان جنوبی","FID":0},{"id":11,"title":"خراسان رضوی","FID":0},{"id":12,"title":"خراسان شمالی","FID":0},{"id":13,"title":"خوزستان","FID":0},{"id":14,"title":"زنجان","FID":0},{"id":15,"title":"سمنان","FID":0},{"id":16,"title":"سیستان و بلوچستان","FID":0},{"id":17,"title":"فارس","FID":0},{"id":18,"title":"قزوین","FID":0},{"id":19,"title":"قم","FID":0},{"id":20,"title":"کردستان","FID":0},{"id":21,"title":"کرمان","FID":0},{"id":22,"title":"کرمانشاه","FID":0},{"id":23,"title":"کهکیلویه و بویراحمد","FID":0},{"id":24,"title":"گلستان","FID":0},{"id":25,"title":"گیلان","FID":0},{"id":26,"title":"لرستان","FID":0},{"id":27,"title":"مازندران","FID":0},{"id":28,"title":"مرکزی","FID":0},{"id":29,"title":"هرمزگان","FID":0},{"id":30,"title":"همدان","FID":0},{"id":31,"title":"یزد","FID":0},{"id":32,"title":"اهر","FID":1},{"id":33,"title":"عجبشير","FID":1},{"id":34,"title":"آذر شهر","FID":1},{"id":35,"title":"بناب","FID":1},{"id":36,"title":"بستان آباد","FID":1},{"id":37,"title":"چاراویماق","FID":1},{"id":38,"title":"هشترود","FID":1},{"id":39,"title":"هريس","FID":1},{"id":40,"title":"جلفا","FID":1},{"id":41,"title":"كليبر","FID":1},{"id":42,"title":"خداآفرین","FID":1},{"id":43,"title":"ملكان","FID":1},{"id":44,"title":"مراغه","FID":1},{"id":45,"title":"ميانه","FID":1},{"id":46,"title":"مرند","FID":1},{"id":47,"title":"اسكو","FID":1},{"id":48,"title":"سراب","FID":1},{"id":49,"title":"شبستر","FID":1},{"id":50,"title":"تبريز","FID":1},{"id":51,"title":"ورزقان","FID":1},{"id":52,"title":"اروميه","FID":2},{"id":53,"title":"نقده","FID":2},{"id":54,"title":"ماكو","FID":2},{"id":55,"title":"تكاب","FID":2},{"id":56,"title":"خوي","FID":2},{"id":57,"title":"مهاباد","FID":2},{"id":58,"title":"سر دشت","FID":2},{"id":59,"title":"چالدران","FID":2},{"id":60,"title":"بوكان","FID":2},{"id":61,"title":"مياندوآب","FID":2},{"id":62,"title":"سلماس","FID":2},{"id":63,"title":"شاهين دژ","FID":2},{"id":64,"title":"پيرانشهر","FID":2},{"id":65,"title":"اشنويه","FID":2},{"id":66,"title":"چایپاره","FID":2},{"id":67,"title":"پلدشت","FID":2},{"id":68,"title":"شوط","FID":2},{"id":69,"title":"اردبيل","FID":3},{"id":70,"title":"سرعين","FID":3},{"id":71,"title":"بيله سوار","FID":3},{"id":72,"title":"پارس آباد","FID":3},{"id":73,"title":"خلخال","FID":3},{"id":74,"title":"مشگين شهر","FID":3},{"id":75,"title":"نمين","FID":3},{"id":76,"title":"نير","FID":3},{"id":77,"title":"كوثر","FID":3},{"id":78,"title":"گرمي","FID":3},{"id":79,"title":"بوئین و میاندشت","FID":4},{"id":80,"title":"مباركه","FID":4},{"id":81,"title":"اردستان","FID":4},{"id":82,"title":"خور و بیابانک","FID":4},{"id":83,"title":"فلاورجان","FID":4},{"id":84,"title":"فريدون شهر","FID":4},{"id":85,"title":"كاشان","FID":4},{"id":86,"title":"لنجان","FID":4},{"id":87,"title":"گلپايگان","FID":4},{"id":88,"title":"فريدن","FID":4},{"id":89,"title":"نايين","FID":4},{"id":90,"title":"اصفهان","FID":4},{"id":91,"title":"نجف آباد","FID":4},{"id":92,"title":"آران و بيدگل","FID":4},{"id":93,"title":"چادگان","FID":4},{"id":94,"title":"تیران و کرون","FID":4},{"id":95,"title":"شهرضا","FID":4},{"id":96,"title":"سميرم","FID":4},{"id":97,"title":"خميني شهر","FID":4},{"id":98,"title":"دهاقان","FID":4},{"id":99,"title":"نطنز","FID":4},{"id":100,"title":"برخوار","FID":4},{"id":101,"title":"شاهین شهر و میمه","FID":4},{"id":102,"title":"خوانسار","FID":4},
{"id":294,"title":"طالقان","FID":5},{"id":295,"title":"اشتهارد","FID":5},{"id":296,"title":"كرج","FID":5},{"id":297,"title":"نظر آباد","FID":5},{"id":298,"title":"ساوجبلاغ","FID":5},{"id":299,"title":"فردیس","FID":5},{"id":103,"title":"ايلام","FID":6},{"id":104,"title":"مهران","FID":6},{"id":105,"title":"دهلران","FID":6},{"id":106,"title":"آبدانان","FID":6},{"id":107,"title":"چرداول","FID":6},{"id":108,"title":"دره شهر","FID":6},{"id":109,"title":"ايوان","FID":6},{"id":110,"title":"بدره","FID":6},{"id":111,"title":"سیروان","FID":6},{"id":112,"title":"ملکشاهی","FID":6},{"id":113,"title":"عسلویه","FID":7},{"id":114,"title":"گناوه","FID":7},{"id":115,"title":"دشتي","FID":7},{"id":116,"title":"دشتستان","FID":7},{"id":117,"title":"دير","FID":7},{"id":118,"title":"بوشهر","FID":7},{"id":119,"title":"كنگان","FID":7},{"id":120,"title":"تنگستان","FID":7},{"id":121,"title":"ديلم","FID":7},{"id":122,"title":"جم","FID":7},{"id":123,"title":"قرچك","FID":8},{"id":124,"title":"پردیس","FID":8},{"id":125,"title":"بهارستان","FID":8},{"id":126,"title":"شمیرانات","FID":8},{"id":127,"title":"رباط كريم","FID":8},{"id":128,"title":"فيروزكوه","FID":8},{"id":129,"title":"تهران","FID":8},{"id":130,"title":"ورامين","FID":8},{"id":131,"title":"اسلامشهر","FID":8},{"id":132,"title":"ري","FID":8},{"id":133,"title":"پاكدشت","FID":8},{"id":134,"title":"پیشوا","FID":8},{"id":135,"title":"قدس","FID":8},{"id":136,"title":"ملارد","FID":8},{"id":137,"title":"شهريار","FID":8},{"id":138,"title":"دماوند","FID":8},{"id":139,"title":"بن","FID":9},{"id":140,"title":"سامان","FID":9},{"id":141,"title":"کیار","FID":9},{"id":142,"title":"بروجن","FID":9},{"id":143,"title":"اردل","FID":9},{"id":144,"title":"شهركرد","FID":9},{"id":145,"title":"فارسان","FID":9},{"id":146,"title":"کوهرنگ","FID":9},{"id":147,"title":"لردگان","FID":9},{"id":148,"title":"داورزن","FID":11},{"id":149,"title":"كلات","FID":11},{"id":150,"title":"بردسكن","FID":11},{"id":151,"title":"مشهد","FID":11},{"id":152,"title":"نيشابور","FID":11},{"id":153,"title":"سبزوار","FID":11},{"id":154,"title":"كاشمر","FID":11},{"id":155,"title":"گناباد","FID":11},{"id":156,"title":"تربت حيدريه","FID":11},{"id":157,"title":"خواف","FID":11},{"id":158,"title":"تربت جام","FID":11},{"id":159,"title":"تايباد","FID":11},{"id":160,"title":"مه ولات","FID":11},{"id":161,"title":"چناران","FID":11},{"id":162,"title":"درگز","FID":11},{"id":163,"title":"فیروزه","FID":11},{"id":164,"title":"قوچان","FID":11},{"id":165,"title":"سرخس","FID":11},{"id":166,"title":"رشتخوار","FID":11},{"id":167,"title":"بینالود","FID":11},{"id":168,"title":"زاوه","FID":11},{"id":169,"title":"جوین","FID":11},{"id":170,"title":"بجستان","FID":11},{"id":171,"title":"باخزر","FID":11},{"id":172,"title":"فريمان","FID":11},{"id":173,"title":"خلیل آباد","FID":11},{"id":174,"title":"جغتای","FID":11},{"id":175,"title":"خوشاب","FID":11},{"id":176,"title":"زیرکوه","FID":10},{"id":177,"title":"خوسف","FID":10},{"id":178,"title":"درمیان","FID":10},{"id":179,"title":"قائنات","FID":10},{"id":180,"title":"بشرویه","FID":10},{"id":181,"title":"فردوس","FID":10},{"id":182,"title":"بيرجند","FID":10},{"id":183,"title":"نهبندان","FID":10},{"id":184,"title":"سربيشه","FID":10},{"id":185,"title":"سرایان","FID":10},{"id":186,"title":"طبس","FID":11},{"id":187,"title":"بجنورد","FID":12},{"id":188,"title":"راز و جرگلان","FID":12},{"id":189,"title":"اسفراين","FID":12},{"id":190,"title":"جاجرم","FID":12},{"id":191,"title":"شيروان","FID":12},{"id":192,"title":"مانه و سملقان","FID":12},{"id":193,"title":"گرمه","FID":12},{"id":194,"title":"فاروج","FID":12},{"id":195,"title":"کارون","FID":13},{"id":196,"title":"حمیدیه","FID":13},{"id":197,"title":"آغاجری","FID":13},{"id":198,"title":"شوشتر","FID":13},{"id":199,"title":"دشت آزادگان","FID":13},{"id":200,"title":"اميديه","FID":13},{"id":201,"title":"گتوند","FID":13},{"id":202,"title":"شادگان","FID":13},{"id":203,"title":"دزفول","FID":13},{"id":204,"title":"رامشیر","FID":13},{"id":205,"title":"بهبهان","FID":13},{"id":206,"title":"باوی","FID":13},{"id":207,"title":"انديمشك","FID":13},{"id":208,"title":"اهواز","FID":13},{"id":209,"title":"اندیکا","FID":13},{"id":210,"title":"شوش","FID":13},{"id":211,"title":"آبادان","FID":13},{"id":212,"title":"هنديجان","FID":13},{"id":213,"title":"خرمشهر","FID":13},{"id":214,"title":"مسجد سليمان","FID":13},{"id":215,"title":"ايذه","FID":13},{"id":216,"title":"رامهرمز","FID":13},{"id":217,"title":"باغ ملك","FID":13},{"id":218,"title":"هفتکل","FID":13},{"id":219,"title":"هويزه","FID":13},{"id":220,"title":"ماهشهر","FID":13},{"id":221,"title":"لالي","FID":13},{"id":222,"title":"زنجان","FID":14},{"id":223,"title":"ابهر","FID":14},{"id":224,"title":"خدابنده","FID":14},{"id":225,"title":"ماهنشان","FID":14},{"id":226,"title":"خرمدره","FID":14},{"id":227,"title":"ايجرود","FID":14},{"id":228,"title":"طارم","FID":14},{"id":229,"title":"سلطانیه","FID":14},{"id":230,"title":"سمنان","FID":15},{"id":231,"title":"شاهرود","FID":15},{"id":232,"title":"گرمسار","FID":15},{"id":233,"title":"سرخه","FID":15},{"id":234,"title":"دامغان","FID":15},{"id":235,"title":"آرادان","FID":15},{"id":236,"title":"مهدی شهر","FID":15},{"id":237,"title":"میامی","FID":15},{"id":238,"title":"زاهدان","FID":16},{"id":239,"title":"بمپور","FID":16},{"id":240,"title":"چابهار","FID":16},{"id":241,"title":"خاش","FID":16},{"id":242,"title":"سراوان","FID":16},{"id":243,"title":"زابل","FID":16},{"id":244,"title":"سرباز","FID":16},{"id":245,"title":"قصر قند","FID":16},{"id":246,"title":"نيكشهر","FID":16},{"id":247,"title":"کنارک","FID":16},{"id":248,"title":"ايرانشهر","FID":16},{"id":249,"title":"زهک","FID":16},{"id":250,"title":"سیب و سوران","FID":16},{"id":251,"title":"ميرجاوه","FID":16},{"id":252,"title":"دلگان","FID":16},{"id":253,"title":"هیرمند","FID":16},{"id":254,"title":"مهرستان","FID":16},{"id":255,"title":"فنوج","FID":16},{"id":256,"title":"هامون","FID":16},{"id":257,"title":"نیمروز","FID":16},{"id":258,"title":"شيراز","FID":17},{"id":259,"title":"اقليد","FID":17},{"id":260,"title":"داراب","FID":17},{"id":261,"title":"فسا","FID":17},{"id":262,"title":"مرودشت","FID":17},{"id":263,"title":"خرم بيد","FID":17},{"id":264,"title":"آباده","FID":17},{"id":265,"title":"كازرون","FID":17},{"id":266,"title":"گراش","FID":17},{"id":267,"title":"ممسني","FID":17},{"id":268,"title":"سپيدان","FID":17},{"id":269,"title":"لارستان","FID":17},{"id":270,"title":"فيروز آباد","FID":17},{"id":271,"title":"جهرم","FID":17},{"id":272,"title":"ني ريز","FID":17},{"id":273,"title":"استهبان","FID":17},{"id":274,"title":"لامرد","FID":17},{"id":275,"title":"مهر","FID":17},{"id":276,"title":"پاسارگاد","FID":17},{"id":277,"title":"ارسنجان","FID":17},{"id":278,"title":"قيروكارزين","FID":17},{"id":279,"title":"رستم","FID":17},{"id":280,"title":"فراشبند","FID":17},{"id":281,"title":"سروستان","FID":17},{"id":282,"title":"زرین دشت","FID":17},{"id":283,"title":"کوار","FID":17},{"id":284,"title":"بوانات","FID":17},{"id":285,"title":"خرامه","FID":17},{"id":286,"title":"خنج","FID":17},{"id":287,"title":"قزوين","FID":18},{"id":288,"title":"تاكستان","FID":18},{"id":289,"title":"آبيك","FID":18},{"id":290,"title":"بوئين زهرا","FID":18},{"id":291,"title":"البرز","FID":18},{"id":292,"title":"آوج","FID":18},{"id":293,"title":"قم","FID":19},{"id":300,"title":"سنندج","FID":20},{"id":301,"title":"ديواندره","FID":20},{"id":302,"title":"بانه","FID":20},{"id":303,"title":"بيجار","FID":20},{"id":304,"title":"سقز","FID":20},{"id":305,"title":"كامياران","FID":20},{"id":306,"title":"قروه","FID":20},{"id":307,"title":"مريوان","FID":20},{"id":308,"title":"سروآباد","FID":20},{"id":309,"title":"دهگلان","FID":20},{"id":310,"title":"كرمان","FID":21},{"id":311,"title":"راور","FID":21},{"id":312,"title":"شهر بابک","FID":21},{"id":313,"title":"انار","FID":21},{"id":314,"title":"کوهبنان","FID":21},{"id":315,"title":"رفسنجان","FID":21},{"id":316,"title":"سيرجان","FID":21},{"id":317,"title":"كهنوج","FID":21},{"id":318,"title":"زرند","FID":21},{"id":319,"title":"ریگان","FID":21},{"id":320,"title":"بم","FID":21},{"id":321,"title":"جيرفت","FID":21},{"id":322,"title":"عنبرآباد","FID":21},{"id":323,"title":"بافت","FID":21},{"id":324,"title":"ارزوئيه","FID":21},{"id":325,"title":"بردسیر","FID":21},{"id":326,"title":"فهرج","FID":21},{"id":327,"title":"فاریاب","FID":21},{"id":328,"title":"منوجان","FID":21},{"id":329,"title":"نرماشیر","FID":21},{"id":330,"title":"قلعه گنج","FID":21},{"id":331,"title":"رابر","FID":21},{"id":332,"title":"رودبار جنوب","FID":21},{"id":333,"title":"كرمانشاه","FID":22},{"id":334,"title":"اسلام آباد غرب","FID":22},{"id":335,"title":"سر پل ذهاب","FID":22},{"id":336,"title":"كنگاور","FID":22},{"id":337,"title":"سنقر","FID":22},{"id":338,"title":"قصر شيرين","FID":22},{"id":339,"title":"گيلان غرب","FID":22},{"id":340,"title":"هرسين","FID":22},{"id":341,"title":"صحنه","FID":22},{"id":342,"title":"پاوه","FID":22},{"id":343,"title":"جوانرود","FID":22},{"id":344,"title":"دالاهو","FID":22},{"id":345,"title":"روانسر","FID":22},{"id":346,"title":"ثلاث باباجانی","FID":22},{"id":347,"title":"ياسوج","FID":23},{"id":348,"title":"گچساران","FID":23},{"id":349,"title":"دنا","FID":23},{"id":350,"title":"کهگیلویه","FID":23},{"id":351,"title":"لنده","FID":23},{"id":352,"title":"بهمئی","FID":23},{"id":353,"title":"باشت","FID":23},{"id":354,"title":"بویراحمد","FID":23},{"id":355,"title":"چرام","FID":23},{"id":356,"title":"گرگان","FID":24},{"id":357,"title":"آق قلا","FID":24},{"id":358,"title":"گنبد كاووس","FID":24},{"id":359,"title":"علی آباد","FID":24},{"id":360,"title":"مينو دشت","FID":24},{"id":361,"title":"تركمن","FID":24},{"id":362,"title":"كردكوي","FID":24},{"id":363,"title":"بندر گز","FID":24},{"id":364,"title":"كلاله","FID":24},{"id":365,"title":"آزاد شهر","FID":24},{"id":366,"title":"راميان","FID":24},{"id":367,"title":"گالیکش","FID":24},{"id":368,"title":"مراوه تپه","FID":24},{"id":369,"title":"گمیشان","FID":24},{"id":370,"title":"رشت","FID":25},{"id":371,"title":"لنگرود","FID":25},{"id":372,"title":"رودسر","FID":25},{"id":373,"title":"طوالش","FID":25},{"id":374,"title":"آستارا","FID":25},{"id":375,"title":"آستانه اشرفيه","FID":25},{"id":376,"title":"رودبار","FID":25},{"id":377,"title":"فومن","FID":25},{"id":378,"title":"صومعه سرا","FID":25},{"id":379,"title":"بندرانزلي","FID":25},{"id":380,"title":"رضوانشهر","FID":25},{"id":381,"title":"ماسال","FID":25},{"id":382,"title":"شفت","FID":25},{"id":383,"title":"سياهكل","FID":25},{"id":384,"title":"املش","FID":25},{"id":385,"title":"لاهیجان","FID":25},{"id":386,"title":"خرم آباد","FID":26},{"id":387,"title":"دلفان","FID":26},{"id":388,"title":"بروجرد","FID":26},{"id":389,"title":"دورود","FID":26},{"id":390,"title":"اليگودرز","FID":26},{"id":391,"title":"ازنا","FID":26},{"id":392,"title":"كوهدشت","FID":26},{"id":393,"title":"سلسله","FID":26},{"id":394,"title":"پلدختر","FID":26},{"id":395,"title":"دوره","FID":26},{"id":396,"title":"رومشکان","FID":26},{"id":397,"title":"ساري","FID":27},{"id":398,"title":"آمل","FID":27},{"id":399,"title":"بابل","FID":27},{"id":400,"title":"بابلسر","FID":27},{"id":401,"title":"بهشهر","FID":27},{"id":402,"title":"تنكابن","FID":27},{"id":403,"title":"جويبار","FID":27},{"id":404,"title":"چالوس","FID":27},{"id":405,"title":"رامسر","FID":27},{"id":406,"title":"سواد كوه","FID":27},{"id":407,"title":"قائم شهر","FID":27},{"id":408,"title":"نكا","FID":27},{"id":409,"title":"نور","FID":27},{"id":410,"title":"نوشهر","FID":27},{"id":411,"title":"محمودآباد","FID":27},{"id":412,"title":"فریدونکنار","FID":27},{"id":413,"title":"عباس آباد","FID":27},{"id":414,"title":"گلوگاه","FID":27},{"id":415,"title":"میاندورود","FID":27},{"id":416,"title":"سیمرغ","FID":27},{"id":417,"title":"کلاردشت","FID":27},{"id":418,"title":"سوادکوه شمالی","FID":27},{"id":419,"title":"اراك","FID":28},{"id":420,"title":"آشتيان","FID":28},{"id":421,"title":"تفرش","FID":28},{"id":422,"title":"خمين","FID":28},{"id":423,"title":"دليجان","FID":28},{"id":424,"title":"ساوه","FID":28},{"id":425,"title":"زرندیه","FID":28},{"id":426,"title":"محلات","FID":28},{"id":427,"title":"شازند","FID":28},{"id":428,"title":"فراهان","FID":28},{"id":429,"title":"خنداب","FID":28},{"id":430,"title":"کمیجان","FID":28},{"id":431,"title":"بندرعباس","FID":29},{"id":432,"title":"قشم","FID":29},{"id":433,"title":"بندر لنگه","FID":29},{"id":434,"title":"بستك","FID":29},{"id":435,"title":"حاجی آباد هرمزگان","FID":29},{"id":436,"title":"رودان","FID":29},{"id":437,"title":"ميناب","FID":29},{"id":438,"title":"ابوموسي","FID":29},{"id":439,"title":"جاسک","FID":29},{"id":440,"title":"خمیر","FID":29},{"id":441,"title":"پارسیان","FID":29},{"id":442,"title":"بشاگرد","FID":29},{"id":443,"title":"سیریک","FID":29},{"id":444,"title":"حاجی آباد","FID":29},{"id":445,"title":"همدان","FID":30},{"id":446,"title":"ملاير","FID":30},{"id":447,"title":"تويسركان","FID":30},{"id":448,"title":"نهاوند","FID":30},{"id":449,"title":"كبودر اهنگ","FID":30},{"id":450,"title":"رزن","FID":30},{"id":451,"title":"اسدآباد","FID":30},{"id":452,"title":"بهار","FID":30},{"id":453,"title":"فامنین","FID":30},{"id":454,"title":"يزد","FID":31},{"id":455,"title":"تفت","FID":31},{"id":456,"title":"اردكان","FID":31},{"id":457,"title":"ابركوه","FID":31},{"id":458,"title":"ميبد","FID":31},{"id":459,"title":"بافق","FID":31},{"id":460,"title":"صدوق","FID":31},{"id":461,"title":"مهریز","FID":31},{"id":462,"title":"خاتم","FID":31},{"id":463,"title":"بهاباد","FID":31}]