[
    {
        "id": "1",
        "ostan": "آذربایجان شرقی",
        "cities": [
            "اهر",
            "عجبشير",
            "آذر شهر",
            "بناب",
            "بستان آباد",
            "چاراویماق",
            "هشترود",
            "هريس",
            "جلفا",
            "كليبر",
            "خداآفرین",
            "ملكان",
            "مراغه",
            "ميانه",
            "مرند",
            "اسكو",
            "سراب",
            "شبستر",
            "تبريز",
            "ورزقان"
        ]
    },
    {
        "id": "2",
        "ostan": "آذربایجان غربی",
        "cities": [
            "اروميه",
            "نقده",
            "ماكو",
            "تكاب",
            "خوي",
            "مهاباد",
            "سر دشت",
            "چالدران",
            "بوكان",
            "مياندوآب",
            "سلماس",
            "شاهين دژ",
            "پيرانشهر",
            "اشنويه",
            "چایپاره",
            "پلدشت",
            "شوط"
        ]
    },
    {
        "id": "3",
        "ostan": "اردبیل",
        "cities": [
            "اردبيل",
            "سرعين",
            "بيله سوار",
            "پارس آباد",
            "خلخال",
            "مشگين شهر",
            "نمين",
            "نير",
            "كوثر",
            "گرمي"
        ]
    },
    {
        "id": "4",
        "ostan": "اصفهان",
        "cities": [
            "بوئین و میاندشت",
            "مباركه",
            "اردستان",
            "خور و بیابانک",
            "فلاورجان",
            "فريدون شهر",
            "كاشان",
            "لنجان",
            "گلپايگان",
            "فريدن",
            "نايين",
            "اصفهان",
            "نجف آباد",
            "آران و بيدگل",
            "چادگان",
            "تیران و کرون",
            "شهرضا",
            "سميرم",
            "خميني شهر",
            "دهاقان",
            "نطنز",
            "برخوار",
            "شاهین شهر و میمه",
            "خوانسار"
        ]
    },
    {
        "id": "5",
        "ostan": "البرز",
        "cities": [
            "طالقان",
            "اشتهارد",
            "كرج",
            "نظر آباد",
            "ساوجبلاغ",
            "فردیس"
        ]
    },
    {
        "id": "6",
        "ostan": "ایلام",
        "cities": [
            "ايلام",
            "مهران",
            "دهلران",
            "آبدانان",
            "چرداول",
            "دره شهر",
            "ايوان",
            "بدره",
            "سیروان",
            "ملکشاهی"
        ]
    },
    {
        "id": "7",
        "ostan": "بوشهر",
        "cities": [
            "عسلویه",
            "گناوه",
            "دشتي",
            "دشتستان",
            "دير",
            "بوشهر",
            "كنگان",
            "تنگستان",
            "ديلم",
            "جم"
        ]
    },
    {
        "id": "8",
        "ostan": "تهران",
        "cities": [
            "قرچك",
            "پردیس",
            "بهارستان",
            "شمیرانات",
            "رباط كريم",
            "فيروزكوه",
            "تهران",
            "ورامين",
            "اسلامشهر",
            "ري",
            "پاكدشت",
            "پیشوا",
            "قدس",
            "ملارد",
            "شهريار",
            "دماوند"
        ]
    },
    {
        "id": "9",
        "ostan": "چهارمحال و بختیاری",
        "cities": [
            "بن",
            "سامان",
            "کیار",
            "بروجن",
            "اردل",
            "شهركرد",
            "فارسان",
            "کوهرنگ",
            "لردگان"
        ]
    },
    {
        "id": "10",
        "ostan": "خراسان جنوبی",
        "cities": [
            "زیرکوه",
            "خوسف",
            "درمیان",
            "قائنات",
            "بشرویه",
            "فردوس",
            "بيرجند",
            "نهبندان",
            "سربيشه",
            "سرایان"
        ]
    },
    {
        "id": "11",
        "ostan": "خراسان رضوی",
        "cities": [
            "داورزن",
            "كلات",
            "بردسكن",
            "مشهد",
            "نيشابور",
            "سبزوار",
            "كاشمر",
            "گناباد",
            "تربت حيدريه",
            "خواف",
            "تربت جام",
            "تايباد",
            "مه ولات",
            "چناران",
            "درگز",
            "فیروزه",
            "قوچان",
            "سرخس",
            "رشتخوار",
            "بینالود",
            "زاوه",
            "جوین",
            "بجستان",
            "باخزر",
            "فريمان",
            "خلیل آباد",
            "جغتای",
            "خوشاب",
            "طبس"
        ]
    },
    {
        "id": "12",
        "ostan": "خراسان شمالی",
        "cities": [
            "بجنورد",
            "راز و جرگلان",
            "اسفراين",
            "جاجرم",
            "شيروان",
            "مانه و سملقان",
            "گرمه",
            "فاروج"
        ]
    },
    {
        "id": "13",
        "ostan": "خوزستان",
        "cities": [
            "کارون",
            "حمیدیه",
            "آغاجری",
            "شوشتر",
            "دشت آزادگان",
            "اميديه",
            "گتوند",
            "شادگان",
            "دزفول",
            "رامشیر",
            "بهبهان",
            "باوی",
            "انديمشك",
            "اهواز",
            "اندیکا",
            "شوش",
            "آبادان",
            "هنديجان",
            "خرمشهر",
            "مسجد سليمان",
            "ايذه",
            "رامهرمز",
            "باغ ملك",
            "هفتکل",
            "هويزه",
            "ماهشهر",
            "لالي"
        ]
    },
    {
        "id": "14",
        "ostan": "زنجان",
        "cities": [
            "زنجان",
            "ابهر",
            "خدابنده",
            "ماهنشان",
            "خرمدره",
            "ايجرود",
            "طارم",
            "سلطانیه"
        ]
    },
    {
        "id": "15",
        "ostan": "سمنان",
        "cities": [
            "سمنان",
            "شاهرود",
            "گرمسار",
            "سرخه",
            "دامغان",
            "آرادان",
            "مهدی شهر",
            "میامی"
        ]
    },
    {
        "id": "16",
        "ostan": "سیستان و بلوچستان",
        "cities": [
            "زاهدان",
            "بمپور",
            "چابهار",
            "خاش",
            "سراوان",
            "زابل",
            "سرباز",
            "قصر قند",
            "نيكشهر",
            "کنارک",
            "ايرانشهر",
            "زهک",
            "سیب و سوران",
            "ميرجاوه",
            "دلگان",
            "هیرمند",
            "مهرستان",
            "فنوج",
            "هامون",
            "نیمروز"
        ]
    },
    {
        "id": "17",
        "ostan": "فارس",
        "cities": [
            "شيراز",
            "اقليد",
            "داراب",
            "فسا",
            "مرودشت",
            "خرم بيد",
            "آباده",
            "كازرون",
            "گراش",
            "ممسني",
            "سپيدان",
            "لارستان",
            "فيروز آباد",
            "جهرم",
            "ني ريز",
            "استهبان",
            "لامرد",
            "مهر",
            "پاسارگاد",
            "ارسنجان",
            "قيروكارزين",
            "رستم",
            "فراشبند",
            "سروستان",
            "زرین دشت",
            "کوار",
            "بوانات",
            "خرامه",
            "خنج"
        ]
    },
    {
        "id": "18",
        "ostan": "قزوین",
        "cities": [
            "قزوين",
            "تاكستان",
            "آبيك",
            "بوئين زهرا",
            "البرز",
            "آوج"
        ]
    },
    {
        "id": "19",
        "ostan": "قم",
        "cities": [
            "قم"
        ]
    },
    {
        "id": "20",
        "ostan": "کردستان",
        "cities": [
            "سنندج",
            "ديواندره",
            "بانه",
            "بيجار",
            "سقز",
            "كامياران",
            "قروه",
            "مريوان",
            "سروآباد",
            "دهگلان"
        ]
    },
    {
        "id": "21",
        "ostan": "کرمان",
        "cities": [
            "كرمان",
            "راور",
            "شهر بابک",
            "انار",
            "کوهبنان",
            "رفسنجان",
            "سيرجان",
            "كهنوج",
            "زرند",
            "ریگان",
            "بم",
            "جيرفت",
            "عنبرآباد",
            "بافت",
            "ارزوئيه",
            "بردسیر",
            "فهرج",
            "فاریاب",
            "منوجان",
            "نرماشیر",
            "قلعه گنج",
            "رابر",
            "رودبار جنوب"
        ]
    },
    {
        "id": "22",
        "ostan": "کرمانشاه",
        "cities": [
            "كرمانشاه",
            "اسلام آباد غرب",
            "سر پل ذهاب",
            "كنگاور",
            "سنقر",
            "قصر شيرين",
            "گيلان غرب",
            "هرسين",
            "صحنه",
            "پاوه",
            "جوانرود",
            "دالاهو",
            "روانسر",
            "ثلاث باباجانی"
        ]
    },
    {
        "id": "23",
        "ostan": "کهکیلویه و بویراحمد",
        "cities": [
            "ياسوج",
            "گچساران",
            "دنا",
            "کهگیلویه",
            "لنده",
            "بهمئی",
            "باشت",
            "بویراحمد",
            "چرام"
        ]
    },
    {
        "id": "24",
        "ostan": "گلستان",
        "cities": [
            "گرگان",
            "آق قلا",
            "گنبد كاووس",
            "علی آباد",
            "مينو دشت",
            "تركمن",
            "كردكوي",
            "بندر گز",
            "كلاله",
            "آزاد شهر",
            "راميان",
            "گالیکش",
            "مراوه تپه",
            "گمیشان"
        ]
    },
    {
        "id": "25",
        "ostan": "گیلان",
        "cities": [
            "رشت",
            "لنگرود",
            "رودسر",
            "طوالش",
            "آستارا",
            "آستانه اشرفيه",
            "رودبار",
            "فومن",
            "صومعه سرا",
            "بندرانزلي",
            "رضوانشهر",
            "ماسال",
            "شفت",
            "سياهكل",
            "املش",
            "لاهیجان"
        ]
    },
    {
        "id": "26",
        "ostan": "لرستان",
        "cities": [
            "خرم آباد",
            "دلفان",
            "بروجرد",
            "دورود",
            "اليگودرز",
            "ازنا",
            "كوهدشت",
            "سلسله",
            "پلدختر",
            "دوره",
            "رومشکان"
        ]
    },
    {
        "id": "27",
        "ostan": "مازندران",
        "cities": [
            "ساري",
            "آمل",
            "بابل",
            "بابلسر",
            "بهشهر",
            "تنكابن",
            "جويبار",
            "چالوس",
            "رامسر",
            "سواد كوه",
            "قائم شهر",
            "نكا",
            "نور",
            "نوشهر",
            "محمودآباد",
            "فریدونکنار",
            "عباس آباد",
            "گلوگاه",
            "میاندورود",
            "سیمرغ",
            "کلاردشت",
            "سوادکوه شمالی"
        ]
    },
    {
        "id": "28",
        "ostan": "مرکزی",
        "cities": [
            "اراك",
            "آشتيان",
            "تفرش",
            "خمين",
            "دليجان",
            "ساوه",
            "زرندیه",
            "محلات",
            "شازند",
            "فراهان",
            "خنداب",
            "کمیجان"
        ]
    },
    {
        "id": "29",
        "ostan": "هرمزگان",
        "cities": [
            "بندرعباس",
            "قشم",
            "بندر لنگه",
            "بستك",
            "حاجی آباد هرمزگان",
            "رودان",
            "ميناب",
            "ابوموسي",
            "جاسک",
            "خمیر",
            "پارسیان",
            "بشاگرد",
            "سیریک",
            "حاجی آباد"
        ]
    },
    {
        "id": "30",
        "ostan": "همدان",
        "cities": [
            "همدان",
            "ملاير",
            "تويسركان",
            "نهاوند",
            "كبودر اهنگ",
            "رزن",
            "اسدآباد",
            "بهار",
            "فامنین"
        ]
    },
    {
        "id": "31",
        "ostan": "یزد",
        "cities": [
            "يزد",
            "تفت",
            "اردكان",
            "ابركوه",
            "ميبد",
            "بافق",
            "صدوق",
            "مهریز",
            "خاتم",
            "بهاباد"
        ]
    }
]